idx,text,true_label,pred_label,prob,length,category,margin
1560,"Home of the incredible exploding burrito. This place is awesome if you want to wear your food. Actually, that might be better than eating it. :(",0.0,1,1.0,26,Confident False Positive,
37771,"I have to say I love cafe rio! Their food is simple yet delicious, the service is great as well as consistent, and my appetite and tummy are always satisfied. However I've been to this location 3 different times and have not experienced any of these.. Even though it may be convenient for many of us here in henderson, please listen to the other reviews and DO NOT EAT AT THIS LOCATION ! New management is highly needed",0.0,1,1.0,78,Confident False Positive,
4655,"good: it's cheap, loud, every now and then a good band will play, good drink selection.\n\nbad: the parking and the crowd.\n\nit's fun to watch the young kids marvel in this new bar they've just discovered and is totally the coolest place, like, ever.  funny stuff.",0.0,1,1.0,45,Confident False Positive,
29330,"Wow love the place and everything is very clean and new!\n\nGreat place to come and relax worth a try!\n\nCheers,\n\nEric Van Nguyen\nVisited April 2012",0.0,1,1.0,23,Confident False Positive,
10792,"Just figured Id update everyone on \""""The Whiskey\"""" as I used to work there.  Just after the first of the year Station Casinos bought The Whiskey and pretty much fired all the employees and replaced us with hotel staff and then ran the place into the ground.  Now I may be a touch on the bitter side as I loved my job and loved working there, but much of the atmosphere that everyone loved about this club was fueled by the fun loving and high energy staff. At any rate GVR has made other plans for the space the club occupied and have since close The Whiskey for good.  Not exactly sure what will be replacing it but I doubt it will live up to the reputation The Whiskey had made for itself over the years.   R.I.P. Whiskey....  We'll miss you.",0.0,1,0.99609375,141,Confident False Positive,
30793,"This place is so much better since they changed owners.\n\nMy wife and I went when it was the old owners, it was terrible.  We waited forever and the food never came before we walked out.  People were served before us that walked in after and my wife actually got her soup before me and I sat and waited while they \""""made more\"""".\n\nIt was horrible.\n\nNow its much better.  The staff are very friendly, they treat their customers very well and I have nothing but positive things to now say about this place.  Its much better with the new owners.",1.0,0,9.6321106e-05,98,Confident False Negative,
31329,"Good for what it's good for. A quick bite to eat with lots of options for vegetarians. My daughter was a big fan of the mac & cheese. I was more so-so on the Indonesian\nPeanut Saut\u00e9. When I mentioned that the edamame was way over cooked (inedible) the response was \""""That's too bad.\""""  I do expect more action then sympathy at a restaurant when I indicate a problem. Sigh.",1.0,0,0.00015830994,69,Confident False Negative,
30958,"Look, we all know Cox sucks. In fact they are a terrible business and their practices are laughable. However they are a necessary evil if you want Internet that isn't garbage that can handle streaming/gaming. The way they handle issues over the phone is worse than Comcast, and for all my east coast brothers/sisters you know what a serious accusation that is. It all started with shitty TV Service. My household went through 4 dvr boxes. 4. That all broke. All of them. 100's of hours of TV. Lost. Every. Single. Time. Their solution? Downgrade from contour. That's their genius solution. So my solution? Upgrade to Dish for TV. PROBLEM SOLVED. However they charged us $200 to disconnect claiming we were on a contract. Nope, disputed that. However to dispute it you have to literally mail a letter to corporate. In the mean time, they cut off my Internet service for pay bills AND THEN DOUBLE CHARGED ME FOR THE INTERNET. WHAT? EXCUSE ME? How does that even make sense? So, an angry phone call and 2 hours on hold, I get the Internet back on because I work from home and to refund the double charged service they have to send a check, via the mail, to a local store. Okay, cool. A week later, let's drive from San tan valley to Gilbert. Once we arrive , turns out the check wasn't mailed. In fact the person helping us via the phone wrote that checks can't be sent to the store, and put a future apology in the notes to us. Thanks Cox cock. So, if you made it this far, why do I give this store 5 stars? The Manager, Mario. That's why. The savior of my people. Stepped in. Saw the crap we went through and listened to my tale. With about 5 minutes of effort , he credited our account for $300. $200 for the bs fee , $50 for the double charge and another $50 just because he was sorry. That's customer service. That's being a great human. He's the man, and my opinion of Cox has changed. ALWAYS GO TO A COX STORE. ALWAYS! They know their stuff and actually care. They are not the call center idiots. They are true experts and will always get the job done. Thank you Mario at the Gilbert Cox Store. Thank you so much",1.0,0,0.0002784729,397,Confident False Negative,
9438,"All they need to do is add a Forever 21, and then I will never have to go to ghetto Fiesta Mall or drive through god-awful traffic to the Chandler Mall!",1.0,0,0.00037956238,31,Confident False Negative,
30366,"We have eaten at the restaurant several times as we enjoy the food and last night brought friends (another couple) as it was one of their birthdays.  In the afternoon called and spoke with a hostess to tell her would like \""""happy birthday\"""" written on the plate on whatever dessert was ordered.  When we arrived at the restaurant ran in ahead and mentioned it to the hostess (different than the one spoke with on the phone).  When we did in fact order dessert there was no acknowledgement of a birthday with either a candle or writing on the plate.  It was a very slow evening so no excuse about being busy but just that the messages were not relayed to the waiter (who was very good by the way and not his fault).  This was disappointing as we wanted to finish off the evening with that surprise.  Called the manager this morning who apologized but absolutely no offer of a gift card for a dessert that could make this up to my friend.  That was not good business.",1.0,0,0.00060653687,178,Confident False Negative,
210,"Just way to expensive for what it is. It's good but not at the prices they choose. $9 for wedding soup? It was good, but not at that price and if I would've been told it was that much (was a special) I would've passed. Service was fine, but not attentive and slow, as well. Just so many other good Italian places in the area for half the price. Eggplant parm was enjoyable.",0.0,1,0.5,73,Near-Threshold Error,0.0
16647,"have driven by this place since it opened - I should have never stopped this time....\n\nfigured it would be a typical sports bar with the typical food - it was and maybe it wouldn't have been so bad if there was more than one server for the entire place.    Thankfully, the poor girl had an amazing attitude - i sure wouldn't have if I had been her.\n\nthe food was what you would expect from bar food - the wings were good, hubby's pork sandwich was good - the side he got was wrong, but we didn't complain or he probably would never have eaten.\n\nI have been on a mac and cheese kick lately and this mac and cheese had bacon and amazing mushrooms, but obviously made with a brick of velveeta - which really isn't cheese in my book.\n\nthe clientel was interesting to say the least - by listening to the diners next to us we learned where to score some great weed....\n\nwe won't be back",0.0,1,0.5,166,Near-Threshold Error,0.0
17925,"Went to Pearl tonight with my roommate after hearing rave reviews from a few people....\n\nWalking up you can clearly tell it's a hot spot.  It looked busy, and when we walked through the door it was obvious as to why--it's very small.  The tables are super close together so if you're anything bigger than a 6 ladies...go somewhere else, seriously. I had to interrupt the next table at least 3 times in first sitting down in my seat, going to the restroom once/coming back and then leaving for the night.  It was just awkward. They also first sat us outside without even asking which we preferred (inside/out that is) \n\nWe had looked at the menu before arriving and was very excited to try a few different things. We got the cucumber salad (very good) and seaweed salad (equally as good-and they dont add lettuce to it to make it look like more), shrimp tempura roll (good) spicy tuna (chunks of tuna were way too big and it just wasn't good), Pearl necklace (far from impressed) and the napolean dynamite (pretty good).....\n\nAll in all the sushi filled my stomach but i didn't finish either of my rolls (which is not like me).  I could see coming to this place for drinks and maybe a small plate, but definitely not for a respectable sushi dinner.",0.0,1,0.5,223,Near-Threshold Error,0.0
26812,"Good, but too expensive....\n\nVisited The Sharp Edge Bistro on a Thursday night. The place has a warm and inviting  bistro feel, although a bit sparse as you move away for the bar area. \n\nThey have a great selections of beers in bottle and on tap.  Much to our dismay, the menu selection of beers wasn't what was available on tap - rather disappointing when you are trying to make a meal choice.\n\n Service on our night was terribly slow, there was plenty of staff  available who only seemed interested in socializing and milling about in a large brood at the back of the Bistro. At a place that specializes in beer, waiting 15 minutes for a drink is ridiculous. One of the many idle server could have easily said, \""""Hey, would you like another?\"""" - but they didn't. Lame.\n\nThe \""""Blue cheese flatiron steak frite\"""" was very good, and the \""""Sharp Burger\"""" was as well. The desserts we sampled - a waffle with raspberry sauce and an the \""""butter pecan napoleon\"""" were excellent..... \n\nBut here's the rub - Value.\n\nShoddy service aside, $11 beers and $12 hamburgers are a joke.  I love Belgian ales and understand they are not cheap, BUT the food and drink are overpriced.  \n\n2 Burgers/ 4 beers w/ 2 desserts are going to set you back close to $90.00 w/ tip!!  The food and drink are good, but at that price there are LOT's of other dinning options other than a burger and a beer.\n\nSolid 3 star place with 2 star value.",0.0,1,0.5,254,Near-Threshold Error,0.0
8757,Tasty but expensive. Prices comes with Taxes.,0.0,1,0.5,7,Near-Threshold Error,0.0
25266,"HUGE COCKROACH IN BATHROOM OF OUR ROOM!!!! \nLet me begin by saying how excited my husband and I were for this trip, and especially to stay at The Cosmopolitan - the newest, hottest hotel on the strip. We've stayed at 5 different other 5 star hotels so far in previous visits, but were sure this one looked even better. We've had this trip planned for over a year and met friends out there whom we hadn't seen for just as long. We arrived Thursday night, and were immediately blown away by the lobby. We looked at each other as we stood in line to to check-in, \""""Oh yes, this has got to be the nicest hotel built in Vegas yet.\"""" Excitedly we went up to our room in the East tower. I found it cute when the woman who checked us in said, \""""I put you guys in the East tower because it looks like you want to have fun.\"""" We rode up to the 22nd floor - headed to room 2288. The 1 bedroom suite was seemingly a dream suite for a 4 night stay in Vegas! Spacious with a jacuzzi overlooking our balcony, and a good sized kitchen area! I took pictures and proudly showed off where we were staying on facebook right away - with the caption \""""By far the best rooms in Vegas to stay in - better than Encore even!\"""" We quickly unpacked all of our things into the drawers of the bathroom, and hung all of our nice clothing. We had already grabbed drinks and snacks from Walgreens across the street, so our little mini fridge was set to go as well. We were settled in nicely, waiting for our friends to arrive from across the country. Now is where the tables turned fast about this place. I opened the door to the toilet (small room that is sectioned off from the bathroom), and had already started to crouch and sit my behind down when there it was - fast and bright copper, about the size of the width of a credit card, was a COCKROACH - right on top of the toilet, crawling on the spare roll that the hotel has wrapped in blue silk. I've never jumped and screamed so fast in my life out of that room, straight onto the couch where my hands met my face in immediate tears. My husband looked at me in horror asking what happened. I told him in panic as I checked my skin over and over for creepy crawlers. He went and checked, (admitted to not believing me when I first said it to him), and came out smiling , \""""Wow you're right. And he's a big boy too.\"""" The first thing he did was get a good picture of it too. I screamed at him in more tears, \""""It's not funny!! Grab all of our stuff right now! We need to leave!\""""He told me to calm down and call the front desk. I did just that, and a woman answered. I hurriedly told her what we just found in our room, and her immediate calm response was, \""""Oh alright, would you like me to put in an order to maintenance, to have someone come up there and get it for you?\"""" !!!!! \""""Excuse me?!! Get a maintenance guy is your response to this?! YES! & while we pack all of our stuff up, we cannot stay here! What can you do about this ma'am? I am horrified!\"""" in more tears. \""""I'm sorry but we're fully booked, it's a holiday weekend.\"""" I immediately demanded a manager, knowing I'm bound to get some sort of immediate solution and/or relief from whoever was to pick up the phone next. As a business owner myself, and manager, I would be furious with an employee who took such a coy approach to the disaster unfolding. Jeff, the night manager gets on the phone. I quickly get him up to speed, although I soon realize he was already prepared with what he said next. It was at least 3 minutes before I was put through to him, which felt like an eternity as I'm standing there, scratching my legs, arms and my eyes are scanning every inch of the room. He immediately takes the \""""friend\"""" approach with me and asks if it's ok to call me by my first name. \""""Rochelle, what would you like us to do about it? Don't worry, she already put in the order for it to be removed from your room. I don't know how long it will be though, we are very busy. I realize this is an unpleasant thing to find in your room, but I really can't move you anywhere else. We're booked solid, I'm sorry.\"""" In horror, and almost a squeal I said \""""JEFF, maybe you didn't hear me correctly, but I FOUND A MASSIVE COCKROACH in my room that I paid a lot of money for!! This is a 5 star hotel that I booked based off of great reviews and reputation. This is not OK, and whether there is an infestation of roaches on this floor or just one, its enough to make my skin crawl and feel absolutely filthy and paranoid obviously. I cannot stay here, especially not in this room or floor for that matter. Put yourself in my shoes! \"""" Manager Jeff continues, \""""I understand they're not a fun bug to look at, but I can assure you the whole time I've worked here no ones found one. They're like the moths that fly in guests' rooms sometimes, sometimes they're there. Nothing you can do but get used to the idea that you might find one from time to time. Hey Rochelle, I'm from Florida - they are everywhere there and it's the norm. He Chuckled.",0.0,1,0.7109375,971,Slice-Specific (Long Sequence >200 words),0.2109375
9911,"Gather around little Yelpers, let me tell you about my stay at ye ol' Treasure Island. No, but seriously get ready to hear it.\n\nWe had the penthouse suite here. Our room was beautifully decorated and looked real crisp. Being an all guys birthday weeknd, we wanted to go all out. As soon as entering the room, we immediately fired up the jacuzzi. And 10 minutes later there was water all over the floor due to my fellow comrade who thinks it's not a problem to cannonball indoors. The staff handled the situation pretty well actually. They hand soaked and air dryed the room while we were out and the room looked handy dandy when we returned that night.\n\nBeing a fairly rowdy group, being loud was a given. Things got a little wierd for us two days in. Our room was the first room on the hall we were in, and they actually had a person standing by our room 24/7. I asked why was this necessary, but the staff all told me they were doing what they were told by the relief and higher class. I'm conviced they were keeping an eye on us.\nThe pool area was exceptional. I mean, it's not a Wet Republic or Cancun, but it's a decent place to lounge around and sun bathe. The music selection was a hit or miss. Some days it was hopping and popping with an actual DJ, and some days it was like they were playing a radio. The drinks are actually really overpriced, but it is Vegas, so you can't really blame them. Anywho, the crowd here was pretty laid back and it was pretty obvious that everyone was hungover. We had brought a handle of Jameson down with us and had our own personal bar going. This goes against the rules, and the staff gave us a warning, but didn't confiscate the bottle until the second warning, when the bottle was already finished. We had forgotten our swimming wear back in the room, and made the executive decision to jump into the pool in our boxers. We weren't escorted out of the pool area, so i'm assuming this is okay if anyone considers this in the future.\n\nThe tables here are cursed, and do not pay out. Go somewhere else. No, but seriously, I had the worst luck on the tables. The cocktail waitresses returned fairly quickly with the water down drinks, and do not return to you if you don't tip them well. \n\nThe restauraunt selection here isn't the best. They have one place here open 24 hours that serves food that any late night diner would. We ate here a couple early mornings, and the food is as good as any drunk person looking for a quick bite would expect. The staff at the said restaurant were a hit and miss. Some were cooperative while others gave us the evil eye. My buddy and I came here one morning after a night of painting the town red, and we actually fell asleep after we ordered our food. After miserably failing to wake us up, the staff stored our food away until we woke up. No, they didn't remake our food, but instead saved it for us. I would've said something to them about giving us food that was not fresh, but during my sleep, I actually lost my phone and one of the employees here found my phone on the floor and returned it to me once I woke up. A truly sincere gesture when in Sin City. The food wasn't that good by the way.\n\nI felt bad for the maid that was in charge of cleaning our room. The pad looked like a tornado flew through it. After the second day I started tipping any houskeeper that passed by our room and showering them with compliments. It was the least I could do. Our room was always clean after we returned from the daily escapades, with the linen being fully stocked and our bathroom presentably clean. Nothing was stolen or taken either. \n\nWe ordered room service to go along with our pregame on one of the nights when we were getting ready. Aside from the aggressive lady that yelled at us because we took to long to order, the food was extroadinary. We ordered a bunch of finger food that cost us an arm and leg, but everyone was neatly wrapped and to my surprise, well prepared and cooked. \n\nLast but not least, the people in charge of customer service. We had initially asked for a room with a view of the strip, but we also really wanted a smoking room to hot box, but to our dismay, the only smoking room they had, did not have a strip view. So we ended up settling for the view of the not so infamous Trump Tower. My buddy who had initially booked the room, called customer service intoxicated, mind you. He complained to them about the hotel view we had and gave them a bogus story about how he was going to propose tomorrow night and needed a strip view. After speaking to many people he finally had a word with the manager who actually gave us a brand new penthouse with a strip view for our last day there. These people really made our trip memorable and cooperated with all our needs. \n\nI'm giving this place 4 stars because their are better places to stay at on the strip, but if you're not really trying to go all, this is not a bad hotel. It's also right next to the Wynn and Palazzo.",1.0,0,0.00592041,937,Slice-Specific (Long Sequence >200 words),0.4940796
37318,"The Yusho stands for \n\nYU SHOuld not go to this place.\n\nAt first i saw the sign and i was super excited I could not wait for this place to open it's doors because i love Japanese style grilling. Yakitori and Robatayaki is the best and they have noodles too? Bonus!!!!\n\nEvery time i drove by the sign \""""Yusho Japanese Grill & Noodle House\"""" I could just imagine myself eating tender cuts of charred chicken and steak off of skewers and then slurping up delicious noodles bathed in brothy goodness.  My mouth would water just at the thought of it.- I could not wait for this place to open its doors because it's such a perfect combo and there really is nobody on the strip doing this at a reasonable price.  \n\nBOOOM!....AWAKEN FROM THE DREAM.....\n\nAs i walked in i noticed was there was a lot of outdoor patio furniture clumsily arranged in front of the entrance...uh oh i felt a disturbance in the Japanese Feng Shui force. \n\nMaking my way into the restaurant i was greeted immediately by a very friendly staff, perhaps too friendly...........\n\nThe restaurant has a very simple atmosphere, not reminiscent of any kind street food dining i have ever encountered. It's more like this cafeteria i went to at Depauw University in Indiana that i was visiting back in 1998.   Dark wood colors and  a blend of white and yellow light that is confusing, mixed with bad fabrics and colors that don't match.  What ever happened to the good ol Japanese Feng Shui? I am not a feng Shui expert but if i was i would give it 1 Feng on a scale of 1-10 with 10 being a perfect Feng Shui.   There was definitely no Feng Shui Consultant involved in any part of the design of this place. \n\nThe articles have praised Yusho as a high end elevated take on Japanese street food. When i think of Japanese street food i think of carts lining the streets with smoke bellowing off grills as delicious cuts of meat on skewers are charring on the grill and ladles of noodles and steamy bowls of brothy goodness are being served in big bowls to a bustling crowd of hungry folk who only have a 15 minute lunch break.   \n\nOur order of elevated Japanese street food:\n\nChub sausage steamed bun -- No elevation here it was just terrible couldn't eat more than one bite.  Terrible blood sausage. Since when is Sweet and Gritty good?  I still get a little sick just thinking about it. \n\nDuck Leg w Steam Bun -- No elevation-- pretty standard on this if you want a little duck and some bread and you have $25 to spare this will do. If i was stuck on a deserted island with only a Yusho restaurant to survive i would probably just eat these. \n\nChicken Wings-- No elevation I like my wings with a little crispiness to them...there was no crispiness...  These were slimy and stuffed with a  filling that made it taste like a chicken meatball more than a wing.  No Yakitori or Robatayaki flavor goodness present. \n\nRamen Noodles-- Probably the worst non elevation--- Precariously balancing on the bowl was a  rectangular meat stick of what tasted like Panko crumb fried Bumble Bee Tuna. .... .......We were told it was pork.  Much better places for ramen in Vegas and at $22 for a small bowl this one made me really wish i could just beam myself out of there immediately.   Where's a federation starship when you need one?  \n\nThe hosts, server, busser provided excellent service.   Since this restaurant is part of the hotel we used our points for the meal and wanted to put a nice tip on a credit card because our waitress was the best ever and it's not her fault she has a terrible product to work with.  In comes a clueless aggressive girl manager who said they could not charge a tip on a credit card for the server and when i asked what they do when this happens she said that she encourages customers not to leave a tip. She reminded me of an angry badger. After a brief exchange of words where i educated her on the concept of protecting her staff.  She scampered away to try again and hallelujah she figured it out!  Obviously this is her first time as a restaurant manager. Sorry awesome staff your inexperienced angry badger manager is too lazy to help get you tips and is definitely the nail in the coffin for this place.  \n\nIf this food was not elevated  i think the tourists would like it and there would be a chance of success. Tourists won't like the food and when they have an issue the badger will crush them.   \n\nIt's just unbelievable that this  \""""elevated\"""" street food is elevated by non other than Matthias Merges the executive chef from the infamous Charlie Trotters in Chicago- Arguably the greatest restaurant in modern Chicago History.  The only thing elevated about this place is the price. \n\nMathias, i think it would be wise to make it an authentic Japanese street food experience.  Change the menu and concept and fire the clueless manager! \n\nOverpriced, non elevated bad  food, dull atmosphere, with good staff except for the badger.  YU SHOuld say Sayonara to Yusho.",0.0,1,0.89453125,883,Slice-Specific (Long Sequence >200 words),0.39453125
9919,"My original feeling was to give the IP 3 stars - neither here nor there - until I ended up bleeding all over their escalator and floor and their great treatment of dumbass me merited another star.  More on that later.\n\nI was in Vegas for my first time for my first Roller Con, the international roller derby convention.  Yes, that exists.  Naturally, we needed someplace cheap, and IP fit the bill.  They dealt with 1000+ drunk and rowdy rollergirls/crew pretty well; of course some of the security was freaking out, but overall, I've heard few complaints from attendees.  You have to look at the hotel for what it is, guys.  I went over to the Bellagio and hadn't apparently comprehended before the trip that some hotels are palaces; the IP is utilitarian, generic brand. \n\nDo I have complaints?  PLENTY.  The layout of the hotel is unforgivable; nothing connects, some areas are incredibly far from the main part of the hotel and having a room there is like staying in the boonies.  You can't get from one end of the hotel to the other in any simple manner.  You're constantly going up and down elevators and escalators and getting lost.  Speaking of elevators, there need to be at least a dozen more; huge crowds would form around the bank of elevators next to the casino (which, yes, smells like an ashtray, but I'm also from CA where I'm not used to indoor smoking), and one time I waited for at least five minutes before an elevator stopped at my floor to go down.  Prepare to get snuggly with your fellow riders because people WILL pack in.  Friday/Saturday night enormous crowds formed around the elevators, a mix of skanked-out girls and drunken loud derby players, plus some unfortunate families whose children will never recover.  Karaoke bar is ok, I guess, but everything is more fun when you pack a couple hundred rollergirls in.  The pool is far too chlorinated, smelled funny, and hurt my eyes.  You have to pay for wifi.  The self-parking garage is way too small for weekend crowds.  Public restrooms aren't great.  Considering I was there for a convention, I spent a lot of time in the conference rooms, and those were pretty much what you'd expect in a cheap hotel: large rooms with no frills.  I appreciated that every conference room consistently had coolers of ice water and a stack of cups.  Apparently the IP is supposed to be Asian-themed, but they carry through so poorly that it was hardly noticeable.  \n\nDeluxe, no, workable, absolutely.  My friends ended up in a room with a love tub - a big tub IN the room, with a mirror over it and a mirror over the bed.  It was the kind of crap I'd seen on TV and I loved it.  FYI: having all your friends lie on the bed and take pictures in the mirror is fun.  I didn't find the regular rooms, showers, or closets as unsavory as some yelpers have, although I am still unclear why packets of butter were smeared all over my friend's room door/outside wall.  \n\nThey've already been mentioned by others, but: DEALERTAINERS.  I laughed at the billboards on the way into town, but oh man, it is awesome to go into the casino and see someone who vaguely resembles Michael Jackson on the roulette wheel.  Other celebs I saw: Billy Idol, Britney Spears, Stevie Wonder, Madonna, Gwen Stefani, Freddie Mercury (that guy was great), Pat Benetar, etc.  And they take turns getting up on the little platform and lip syncing a song by their likenesses.  So great.  And the Dealertainers POSE if you point a camera at 'em!  LOVE IT.\n\nAs I mentioned in the first sentence of this review, I ate it on an escalator (600% my fault, had nothing to do with the escalator/hotel, no I am not suing) and ended up with a large, deep gash in my knee that left me bleeding everywhere.  As an aside, keep in mind that a friend had stuck a large fake mustache on me immediately before the incident, so I extra looked like a dumb and potentially drunk rollergirl who had been running around for days annoying people.  The cleaning people saw my predicament and said they had to call security, then waited what seemed like a while to give me a paper towel or something, and security and an EMT showed up startlingly fast.  And they were all VERY nice to me.  The EMT cleaned me up and taped gauze on me, the security guard got all my info, they spoke to the lucky friend who got to take me to urgent care - hell, they knew where an urgent care was, not just an ER - and I never got the feeling I was being judged or condescended to.  Even the cleaning people who got stuck cleaning up the blood were nice, and coincidentally, one ended up cleaning the room I'd stayed in and randomly telling my roommate about the accident; my friend said yep, she knew me, and the woman asked my friend to send along a \""""hope you're doing ok.\""""  THAT'S SERVICE.",1.0,0,0.21875,861,Slice-Specific (Long Sequence >200 words),0.28125
26587,"On the whole, this restaurant does give a new patron a great slice of  European cuisine and it is worth noting that if you've never been here before that you should try it out because most of the food as it is now is delicious, but having been here in the past and knowing what these foods really were has really soured my experience.\n\nIt's been a long time since I had been back to this place since its first inception. Back then this place was one of the only occupied storefronts in a dead strip mall. This place had a menu that was meat and cheese heavy and showcased a wide assortment of Eastern Bloc varieties.\n\nThe appeal of this place in addition to the great food was the tell tale sign of a great hole in the wall joint: Authentic European food, sketchy European groups of men and women engaging in non-English conversation and a woman running the show who knew what was good and made sure you ate it.\n\nThe most notable things were:\n\nShopska salad\n-It has the creamiest Bulgarian feta cheese. Don't mistake this feta for Greek feta. This is incredible.\n\nCevape\n-Homemade fat finger sized sausages served with lepina, a type of yeasty flatbread.\n\nArtisian Charcuterie Plate/Cheese Plate\n-These 2 are definite musts for light eating and drinks\n\nLeskovacka pljeskavica\n-similar to the cevape in flavor but served like an over sized burger\n\nThere were also a few kabob-like meats and a few other sausages similar to the cevape that were so delicious.\n\nSo why the poor rating? Mostly due to the fact that what I described is what I was hoping to find on this most recent visit today.\n\nOur waiter informed us that he was brand new and didn't know much of the menu or the wine selection. He also pointed out on each trip back to our table that nobody was assisting him as he was learning. I'll point out here that for whatever reason he was not our waiter by the end of our meal.\n\nWe got the Beef Stroganoff Ragu, Thracian Clay Pot, Chicken Soup, Chebureki, Bacon wrapped dates and the Beef and Lamb Confit. We were really interested in the Thracian Clay Pot as it was recently featured on a Food Network show.\n\nThe Stroganoff was ladled over wild mushroom plemeni, a kind of Russian tortellini. This stroganoff had a lot of creamy goodness but was completely lacking the meat.\n\nI'll get to the Thracian Clay Pot shortly. The Chicken Soup was desired by my kids ages 8 and 6, as well as the bacon wrapped dates. The chicken soup was quite chunky with big chicken flavor. The first round of dates looked like they spent about 1 minute too long in the pan where one side was cooked good the other burnt. We were informed that the cook likes to cook it that way to which our reply was, \""""Please give us unburned bacon wrapped dates.\"""" They were very good about getting this order back after the rest of our items had come out.\n\nThe Chebureki was akin to a samosa where it is a flattened dough item filled with something and deep fried in this case, a delicious meat filling and topped with some dill and chopped scallions. Fairly standard in flavor and not served with any type of dipping sauce.\n\nThe Beef and Lamb Confit was tender and tasty served atop a small scoop of a dill and scallion rice. While this was tasty it was not a distinct one. My son said, \""""Is this corned beef?\"""" And you know what? He was right. It did taste a lot like the type of corned beef I'd find in a chunky hash at Hash House a go-go. But that's for another review.\n\nSo now back to the Thracian Clay Pot. It would seem that during the shuffling of waiters for our table, either our waiter put in this order incorrectly or it was given to another table because we didn't get it during the course of them bringing the rest of our order. When we questioned why the long wait, we were told that it takes a while. We didn't get it after an hour after initially ordering and 30 minutes after reordering it. So I can't tell you how melty and delicious it looked and how it would taste, but the table next to us seemed to really enjoy it.\n\nI'm not a vodka drinker so please read the other ratings for their extensive vodka menu.\n\nThis still doesn't really warrant the low rating based on the food. Where it really lacked was the overall experience now versus where it was. This place used to have people who knew the food, wasn't afraid to give locals some food they couldn't pronounce and keep true to themselves. Now, there are waitstaff that don't know the product and don't make you feel excited about their food.\n\nIf your looking for something new in Vegas and haven't been, your experience will most likely be 4-5 stars. It is not something that you will find anywhere else and that makes it unique. You will not have the displeasure of seeing a restaurant jump the shark.",0.0,1,0.75,853,Slice-Specific (Long Sequence >200 words),0.25
