bin_lower,bin_upper,count,mean_probability,observed_positive_rate,calibration_gap
0.0,0.06666666666666667,15811,0.007725479081273079,0.010562266776294984,0.002836787695021905
0.06666666666666667,0.13333333333333333,976,0.09410353004932404,0.10553278688524591,0.011429256835921872
0.13333333333333333,0.2,557,0.16554540395736694,0.1651705565529623,0.0003748474044046324
0.2,0.26666666666666666,397,0.23199713230133057,0.23173803526448364,0.0002590970368469281
0.26666666666666666,0.3333333333333333,315,0.2988877594470978,0.28888888888888886,0.009998870558208917
0.3333333333333333,0.4,294,0.365542471408844,0.2891156462585034,0.0764268251503406
0.4,0.4666666666666667,260,0.4336601495742798,0.4115384615384615,0.022121688035818265
0.4666666666666667,0.5333333333333333,274,0.4978691637516022,0.4124087591240876,0.08546040462751459
0.5333333333333333,0.6,243,0.5685333609580994,0.46502057613168724,0.10351278482641213
0.6,0.6666666666666666,263,0.634769082069397,0.5437262357414449,0.09104284632795212
0.6666666666666666,0.7333333333333333,295,0.7009336352348328,0.6338983050847458,0.067035330150087
0.7333333333333333,0.8,307,0.7670851945877075,0.6742671009771987,0.09281809361050886
0.8,0.8666666666666667,472,0.8353834748268127,0.7245762711864406,0.11080720364037211
0.8666666666666667,0.9333333333333333,796,0.9039387702941895,0.8266331658291457,0.07730560446504375
0.9333333333333333,1.0,16740,0.9939014315605164,0.985663082437276,0.008238349123240396
