epoch,learning_rate,train_generator_loss,train_discriminator_loss,train_cycle_a_loss,train_cycle_b_loss,train_identity_a_loss,train_identity_b_loss,val_cycle_a_loss,val_cycle_b_loss,val_cycle_mean,val_identity_a_loss,val_identity_b_loss,generator_gradient_norm,discriminator_gradient_norm,nan_count,epoch_time_seconds,images_per_second,peak_memory_gb,train_cycle_mean,train_identity_mean,val_identity_mean
1,0.0002,4.657471081343564,0.5613859500228005,0.23611109741455452,0.22129148345609959,0.24177444447678598,0.22973720776763829,0.19847200363874434,0.1750195990006129,0.1867458015680313,0.20328089594841003,0.18914347887039185,18.338026297634297,17.53786507059227,0,201.221831568997,71.65149150925524,8.976408958435059,0.22870129043532705,0.23575582612221213,0.19621218740940094
2,0.0002,3.779317537627437,0.4814730500971729,0.1812769356141375,0.17582990564405918,0.19976728068326008,0.1921819163867357,0.16196472520629565,0.14457157055536907,0.1532681499918302,0.18002053101857504,0.17117785016695658,15.46784910153259,17.06433199589903,0,201.01613729500968,72.33997815721926,4.881101131439209,0.17855342062909835,0.19597459853499788,0.1755991905927658
3,0.0002,3.4078207513148135,0.48185653833841735,0.159632121310146,0.15460509670982983,0.17891566259786487,0.17832448513839733,0.14281934623916945,0.1269416073958079,0.13488047694166502,0.16619227156043054,0.16011376778284708,14.202445640347221,17.6837927241217,0,198.45825041399803,72.44143203047915,4.879645824432373,0.15711860900998792,0.1786200738681311,0.1631530196716388
4,0.0002,3.211978581954132,0.4742918897250837,0.14888308789919724,0.14040937116792934,0.1691568461373787,0.1674750884317539,0.13181255981326104,0.11706148684024811,0.12443702320257823,0.15890300571918486,0.15049592157204947,13.953420546379956,18.74988245449283,0,198.80792153300717,72.26490444990243,4.878219127655029,0.1446462295335633,0.1683159672845663,0.15469946364561715
5,0.0002,3.034441398355094,0.46460346923294393,0.14000185455449604,0.12744419492188502,0.15950941522605716,0.15708116149445148,0.12417626852790514,0.10963478038708369,0.11690552458167076,0.15470063164830208,0.14009679158528646,13.998861399292945,20.385153098810804,0,199.2793618249998,72.25769972354138,4.885016918182373,0.13372302473819053,0.1582952883602543,0.14739871161679427
6,0.0002,2.93247877007181,0.4580265714448284,0.13449160221286796,0.11811594644730741,0.1538722958034751,0.1502525388220833,0.11945192938049634,0.10317962914705277,0.1113157793879509,0.14927829802036285,0.13525886485973995,14.089059793678198,22.761627725579523,0,198.3532869680057,72.64476921892019,4.876793384552002,0.1263037743300877,0.1520624173127792,0.1422685814400514
7,0.0002,2.8534425566142256,0.4503811282021078,0.13059073176912286,0.11218746252442625,0.15100230075503615,0.14737226614220575,0.11641586373249689,0.09935785581668218,0.10788686027129492,0.1463341104487578,0.1305530955394109,13.90010449913415,24.204554779421198,0,197.70959240899538,72.76253712237019,4.879242420196533,0.12138909714677457,0.14918728344862095,0.13844360299408437
8,0.0002,2.765642936256799,0.4484153373251584,0.12615504358810456,0.10620394597168673,0.1464251903478395,0.14232337505725975,0.1128951055308183,0.09363016734520595,0.1032626360654831,0.14180356562137603,0.1247831995288531,13.649587266011672,26.259220083735205,0,198.24921799299773,72.48274901138984,4.876220226287842,0.11617949477989564,0.14437428270254962,0.13329338257511456
9,0.0002,2.7087582439861513,0.44291849613867024,0.12295752810737626,0.10197976247661493,0.14269501328976317,0.1366755170154978,0.1099939356247584,0.08983924637238185,0.09991659174362819,0.13649325395623843,0.12148575832446416,13.32504318383607,26.410725380615755,0,198.11607235099655,72.56512713601714,4.877872943878174,0.1124686452919956,0.13968526515263047,0.1289895061403513
10,0.0002,2.7275515983727847,0.4229554537260397,0.12116373091174121,0.10079276332716373,0.14002595965919848,0.13484154690734365,0.10802919442454974,0.08768154084682464,0.09785536751151085,0.13412148157755535,0.12038078755140305,14.147616429220546,27.6081627889113,0,198.0137168910005,72.65258723734867,4.875057697296143,0.11097824711945248,0.13743375328327107,0.1272511345644792
11,0.0002,2.7041274832053617,0.41628668659620666,0.11895001789300956,0.09761465759947896,0.13758031097664075,0.13335077755830504,0.10663257216413816,0.08474023590485255,0.09568640266855558,0.1309899645547072,0.11815813928842545,14.324674533172088,25.180812032927168,0,198.14242168200144,72.56747750445157,4.877574443817139,0.10828233774624427,0.1354655442674729,0.12457405192156633
12,0.0002,2.6459265821359375,0.4164144744503904,0.11692673813297667,0.09427854301280934,0.13470925852995028,0.1290268698410893,0.10436566844582558,0.08313821852207184,0.09375194335977237,0.1292555771768093,0.11484382202227911,13.741741278767586,23.1464615450664,0,198.4071376320062,72.52544033318442,4.878128528594971,0.10560264057289301,0.13186806418551977,0.1220496995995442
13,0.0002,2.593311268362132,0.41726021789522333,0.11408371871167963,0.09173389088616453,0.1308161855167286,0.12701983580958437,0.10232938826084137,0.08207809875408809,0.09220374375581741,0.12595740854740142,0.1121632327636083,13.322323811054229,21.901358327540486,0,198.58387574199878,72.45970202014895,4.876475811004639,0.10290880479892209,0.1289180106631565,0.11906032065550487
14,0.0002,2.5664122443984856,0.41352517133239997,0.11241745375816456,0.08967604726256634,0.1293835483110425,0.1233129919887605,0.09975856691598892,0.08050465087095897,0.09013160814841588,0.12360108271241188,0.11030627439419428,13.356148009408605,21.338841197165575,0,197.74865150298865,72.64083684398223,4.878421306610107,0.10104675051036545,0.12634827014990152,0.11695367855330308
15,0.0002,2.577061319351196,0.4087399643845856,0.11304300595074893,0.08975980783685703,0.13065879862247542,0.12169818528927863,0.09896905223528545,0.08045800924301147,0.08971353098750115,0.12411497483650843,0.1103745217124621,13.564335086128928,21.28562983328646,0,202.16917532900698,71.83111988625247,4.878676891326904,0.10140140689380298,0.12617849195587702,0.11724474827448528
16,0.0002,2.500529934669083,0.411085960785435,0.10881318172058937,0.08590502143329518,0.1260133770675483,0.11928602957844057,0.09678191815813382,0.07772184610366821,0.08725188275178274,0.12245626399914424,0.10640498648087184,13.026733717864209,21.422415151650256,0,200.3430490030005,71.73111226500164,4.8767313957214355,0.09735910157694228,0.12264970332299444,0.11443062524000804
17,0.0002,2.458774858577685,0.41560011889616194,0.10702439296821302,0.0840774225642566,0.12284695749509741,0.11588239895857193,0.09538033828139306,0.07609865615765253,0.08573949709534645,0.12058501839637756,0.1033240998784701,12.845485957102342,21.210198923674497,0,199.23668271499628,72.13780394765175,4.878646373748779,0.09555090776623482,0.11936467822683466,0.11195455913742383
18,0.0002,2.4196436183019117,0.4174681740897623,0.10551977451382713,0.08210050327999686,0.12036198120648887,0.11323866116052324,0.09357059933245182,0.07439613789319992,0.08398336842656136,0.11716667711734771,0.10068183143933614,12.40188663222573,20.81135999587449,0,199.81398595699284,71.9312259010976,4.881850719451904,0.093810138896912,0.11680032118350606,0.10892425427834193
19,0.0002,2.4381114875051106,0.41215217459777537,0.10541485888375478,0.08299049955200065,0.12324144004801796,0.11219505124132742,0.09283609340588252,0.07411624863743782,0.08347617015242577,0.1163276605308056,0.09979570806026458,12.53459998423403,20.593261629884893,0,201.9249694099999,72.12282588633707,4.876479625701904,0.09420267921787771,0.11771824564467269,0.10806168429553509
20,0.0002,2.386052643033591,0.41189600518819963,0.10320359624456614,0.07947366411205042,0.11817498399706727,0.10914199152876708,0.09078394720951716,0.07270895466208457,0.08174645081162453,0.11400516306360563,0.09785700291395187,12.126121697100727,20.093826226212762,0,199.97701291900012,72.03171363357596,4.880211353302002,0.09133863017830829,0.11365848776291718,0.10593108298877875
21,0.0002,2.4233930045230823,0.40136923399669205,0.10405498557639394,0.08058744859458371,0.11870443270203065,0.10872776571830566,0.09097336182991664,0.07238164866964023,0.08167750537395477,0.11384044637282689,0.09592981239159902,12.821873644536192,20.989211267774756,0,199.38920618900738,72.0409133472734,4.876220226287842,0.09232121708548882,0.11371609921016815,0.10488512938221295
22,0.0002,2.4000948494130916,0.3984264142049307,0.10208326694132253,0.07731428802733055,0.11566162886182693,0.10712979430417445,0.09043700732290745,0.07155667046705881,0.08099683771530787,0.11132346168160438,0.09692782362302145,12.927326076410033,20.90152689055963,0,199.7298695339996,72.04944704830204,4.876227855682373,0.08969877748432653,0.11139571158300068,0.10412564265231292
23,0.0002,2.3855077350681477,0.3966672293503176,0.10127763637891886,0.07702306430490519,0.1168194259728559,0.10629045125943694,0.08987677817543348,0.07002973581353823,0.07995325674613317,0.11002617453535397,0.09508714973926544,13.186700246008959,21.07551305917176,0,199.9576092310017,71.83948981245203,4.877925395965576,0.08915035034191202,0.11155493861614642,0.10255666213730971
24,0.0002,2.3419231252914123,0.40579585120589895,0.0996657876170833,0.07579549186101014,0.1143426355313171,0.10454791561615738,0.0897406409184138,0.07071456536650658,0.08022760276993116,0.1075061651567618,0.09522762596607208,13.67478060776537,22.152623439377006,0,200.11314374800713,71.8905286320735,4.880862712860107,0.08773063973904673,0.10944527557373723,0.10136689556141694
25,0.0002,2.3494801338423383,0.39791223373772067,0.09862116949251769,0.07571189049419692,0.11390669743149456,0.10278280272402547,0.08815056979656219,0.0696883241335551,0.07891944721341133,0.10740254297852517,0.09455983539422354,14.294056154923005,21.951686348698356,0,205.06897407500946,71.4978951272195,4.876312732696533,0.0871665299933573,0.10834475007776001,0.10098118918637436
26,0.0002,2.336426765471697,0.3949591719460758,0.09782858542378314,0.07417710073588585,0.11175957999022847,0.10182372561909936,0.08778612414995829,0.06896527310212454,0.07837569763263066,0.10610079516967137,0.09252220590909323,14.938598110459068,22.503166822411796,0,204.1453875300067,71.57757510309389,4.876967906951904,0.0860028430798345,0.1067916528046639,0.0993115005393823
27,0.0002,2.328186568279158,0.3915933114476502,0.09726188511333682,0.07310497116043486,0.1113326560748233,0.09988066697789526,0.08768376732865969,0.06825883239507675,0.07797129998604456,0.10586146389444669,0.09118027240037918,16.23102260502902,23.490354386784812,0,204.4128372829873,71.35031975688615,4.881462574005127,0.08518342813688584,0.10560666152635928,0.09852086814741293
28,0.0002,2.3335494569079445,0.3859764945693314,0.09672854942777617,0.07273965324910188,0.10992113811556589,0.09907589682631872,0.0864962582786878,0.0680791586637497,0.07728770847121874,0.10506055429577828,0.09160267512003581,17.345517416975714,23.660313726013356,0,201.70052313899214,71.25057890335913,4.881103038787842,0.08473410133843903,0.1044985174709423,0.09833161470790705
29,0.0002,2.3353985848074608,0.3812352753667669,0.09569091313222254,0.07224537230689418,0.10937675382645631,0.09772132473405112,0.0854244994620482,0.06783899565537771,0.07663174755871296,0.10357382073998452,0.08870068987210591,19.236081392114812,24.044856326146558,0,202.26782891299808,71.13593665861175,4.878406047821045,0.08396814271955835,0.10354903928025372,0.09613725530604522
30,0.0002,2.349660601060499,0.37359565644609655,0.09553516017569398,0.0722438662715087,0.10902115789623085,0.09651771314357492,0.0857027734319369,0.0676059437294801,0.0766543585807085,0.10280132293701172,0.08834971090157827,19.825424694202162,24.312872051108968,0,202.01359964899893,71.20276161197546,4.880924701690674,0.08388951322360133,0.10276943551990289,0.095575516919295
31,0.0002,2.341211468523199,0.37220256911929356,0.09491439045152882,0.07128702364861965,0.10792730570855466,0.09668089364528318,0.08528732272485892,0.06684524665276209,0.07606628462672234,0.10149087359507879,0.08672011146942775,18.748851411721922,23.510587433251466,0,201.66726715498953,71.2824406004518,4.879638195037842,0.08310070705007423,0.10230409967691892,0.09410549253225327
32,0.0002,2.3252308473668317,0.37280743433670566,0.09443897316867317,0.07054915344130926,0.1067457269707864,0.09518847641408104,0.085907818749547,0.06675495530168216,0.07633138758440812,0.10075523356596629,0.08776305864254634,19.56988026228818,24.224583853374828,0,201.39028410700848,71.36640562020573,4.879928112030029,0.0824940633049912,0.10096710169243373,0.09425914610425631
33,0.0002,2.289142212678086,0.3798506391996687,0.09352397521830756,0.06975799367170442,0.10552677311299538,0.09302255498372357,0.08512973884741465,0.06582245106498401,0.07547609570125739,0.10025803844134012,0.08536373178164164,18.883608317375185,23.510576996478168,0,203.48677844999474,71.2218004427459,4.8799872398376465,0.08164098444500599,0.09927466404835947,0.09281088511149088
34,0.0002,2.2812755312431943,0.37803217958320273,0.09248953026677058,0.06899639018387957,0.10514632125215774,0.09216366247062317,0.08341863999764125,0.06484017496307691,0.07412940760453542,0.10074928899606068,0.08364728043476741,19.275566646456717,23.89468632177873,0,201.44066549099807,71.3210052584731,4.879486560821533,0.08074296022532507,0.09865499186139046,0.09219828471541405
35,0.0002,2.264006930115548,0.37752688584679905,0.0921413980318572,0.06833515012933111,0.10331251286816868,0.09057991255752065,0.08251746545235315,0.06502735664447148,0.07377241080005964,0.09975013906757037,0.08126407663027445,18.631615339625966,23.593487611142073,0,201.72412676100794,71.30911813215448,4.881358623504639,0.08023827408059415,0.09694621271284468,0.09050710784892241
36,0.0002,2.2991999543525954,0.3713685815391893,0.09225925260689109,0.06953223247123375,0.10643932251259684,0.09058470728764818,0.08243751848737399,0.06547717104355494,0.07395734451711178,0.09812039186557134,0.08029290288686752,20.391485345092686,24.08454744003036,0,204.96502041300118,70.76925353885295,4.875953197479248,0.08089574253906243,0.09851201490012251,0.08920664737621943
37,0.0002,2.283502209931612,0.3681973292830993,0.0913281349867413,0.06807457175825468,0.10377242669082162,0.08899406050543555,0.08236652500927448,0.06399801274140676,0.07318226844072342,0.09732811252276102,0.07963738987843196,20.364227455041625,24.630350110205736,0,204.67712534499879,70.83996657755026,4.876449108123779,0.079701353372498,0.09638324359812858,0.08848275120059648
38,0.0002,2.29624313285405,0.3694672800515863,0.09188540374690836,0.068294572038576,0.10474988099568608,0.09074322385501794,0.08254120772083601,0.06486433992783229,0.07370277345180512,0.09952223971486092,0.07929993023475011,18.46491838937456,23.548141222650354,0,205.83241116200224,69.78213055484332,4.878173351287842,0.08008998789274219,0.09774655242535202,0.08941108497480552
39,0.0002,2.2683587891811676,0.36907318631525743,0.09048396358054808,0.06738511375151575,0.10304330344184895,0.08758701549588957,0.0816033208121856,0.0645759587486585,0.07308963996668656,0.09684561317165692,0.07767806549866994,17.365046642856164,22.270892090689053,0,203.86771060900355,70.49754037740973,4.878669261932373,0.07893453866603192,0.09531515946886926,0.08726183933516343
40,0.0002,2.2711886619979684,0.3644444096156142,0.09001163185193119,0.06709707959936086,0.10259001256940378,0.08628325312059712,0.08162290540834267,0.06417602275808652,0.07289946414530277,0.09710685511430105,0.07609919955333073,18.215244192697785,22.719744499705055,0,204.27771757800656,70.37795273632292,4.875739574432373,0.07855435572564602,0.09443663284500045,0.08660302733381589
41,0.0002,2.273015749048103,0.36180068570273843,0.08979051913431084,0.06638292396991428,0.10253852961415594,0.08639948042109609,0.08125128696362177,0.06376980046431223,0.07251054371396701,0.09575388456384341,0.077988401055336,17.829034941304815,22.525285452604294,0,205.66473266499816,70.52447645692835,4.880500316619873,0.07808672155211256,0.094469005017626,0.08687114280958971
42,0.000195,2.2752477162940936,0.35507238921286033,0.08911461716687137,0.06640978023113514,0.10209389450240203,0.0854575522413308,0.0818202887972196,0.0638648291428884,0.07284256008764108,0.09505053237080574,0.0791690652569135,16.72878443300724,22.38387606956742,0,202.28639557000133,71.03222910169082,4.877186298370361,0.07776219869900325,0.0937757233718664,0.08710979881385962
43,0.00019,2.25165218568661,0.3545396916568279,0.08757816753773527,0.0655115627175705,0.10024020952087911,0.08325904218310659,0.08062706192334493,0.062470665325721104,0.07154886374870936,0.09487842321395874,0.07692999293406805,17.426374278285287,22.322783730788665,0,204.24261178799497,70.63723638396192,4.8801493644714355,0.07654486512765288,0.09174962585199285,0.08590420807401339
44,0.00018500000000000002,2.2765075767582115,0.3475347678092393,0.08787499862850051,0.0663316472010179,0.10186000356281345,0.08308262009469962,0.08019069495300452,0.0639117735127608,0.0720512347916762,0.09463255231579144,0.07616749356190364,17.400072689489885,22.97382909384641,0,203.1291102670075,70.78301863008548,4.887969493865967,0.07710332291475921,0.09247131182875654,0.08540002293884755
45,0.00018,2.2691961249844597,0.3474945283071561,0.08652829983991317,0.06511120193383911,0.10026060181077232,0.08169601130383936,0.0799487146238486,0.06301302835345268,0.071480871985356,0.09406309947371483,0.0768906037012736,17.43169224560261,22.750969433784483,0,203.11057560599875,70.86774137955933,4.874515056610107,0.07581975088687615,0.09097830655730584,0.08547685158749421
46,0.000175,2.2362486773593857,0.3461716369133104,0.0853035830617459,0.06332323173569007,0.09706248245836997,0.080419529853812,0.0805818905433019,0.06274078488349914,0.07166133734087149,0.09486387024323145,0.0770093247294426,17.36786967299201,23.185173242471436,0,204.4588632239902,70.40235929790515,4.878398418426514,0.07431340739871799,0.08874100615609098,0.08593659748633703
47,0.00017,2.2529455183581875,0.34054863262413576,0.08493442088577219,0.06359395752237602,0.09800496593287045,0.07944213709455322,0.08037058946986993,0.06274800995985667,0.0715593001494805,0.09250812754034995,0.07457810342311859,18.358916520801458,23.81614823747765,0,206.66623896099918,69.55739023723882,4.877574443817139,0.0742641892040741,0.08872355151371183,0.08354311548173426
48,0.000165,2.247237600453875,0.3359722545201128,0.08388376934453845,0.06312432662287558,0.09678086959968575,0.07889755378604274,0.0799616045008103,0.06200477679570516,0.07098318971693515,0.09247776120901108,0.07488183230161667,17.818254972046073,23.771275660666554,0,205.6477437959984,69.84049952169816,4.879149913787842,0.07350404798370702,0.08783921169286424,0.08367979675531387
49,0.00016,2.233050875365734,0.3352266641757028,0.0834833934860812,0.06230577429206195,0.09482779692731459,0.07804906624369323,0.07968017160892486,0.06261311819156011,0.07114664514859517,0.09246350005269051,0.07363966703414918,18.201250784776427,24.06689324378967,0,205.4169496579998,70.0115682534457,4.878250598907471,0.07289458388907158,0.0864384315855039,0.08305158354341985
50,0.000155,2.2643378832800822,0.32641599982638253,0.08355749002869495,0.0629991160769185,0.09654269657224755,0.07672432513103228,0.07978521846234798,0.06290427049001059,0.07134474428991476,0.09257015809416771,0.07337071945269903,19.40905053507198,24.93119441054084,0,212.34304048698687,68.68739748664711,4.879897594451904,0.07327830305280672,0.08663351085163992,0.08297043877343338
51,0.00015000000000000001,2.2399284339763903,0.32750162720172243,0.08175740196284922,0.061320285583761604,0.09330089679622854,0.0745605354832316,0.07944213847319286,0.0621263121565183,0.07078422469397386,0.09064263068139553,0.07214163392782211,17.987749634005805,24.980397379398347,0,205.65530081800534,69.82670501877284,4.877692699432373,0.07153884377330541,0.08393071613973008,0.08139213230460882
52,0.000145,2.2741125383837657,0.3162834523245692,0.0815896183421666,0.06199972643305294,0.09516462402375923,0.07402377913452007,0.07978002068897089,0.06235139841834704,0.07106570911904177,0.09069362406929334,0.07099263394872347,19.839791025356813,25.55926181944934,0,225.68051608900714,63.596708176124125,4.876708507537842,0.07179467238760977,0.08459420157913966,0.0808431290090084
53,0.00014,2.228732621737502,0.3180895729667761,0.08019756933631883,0.06034114679787308,0.09145519376563077,0.07366714175282554,0.07934127375483513,0.06224850465854009,0.07079488995174567,0.08925993057588737,0.0706727941830953,19.253128981319342,25.301509029215033,0,224.83568198699504,63.826344814241445,4.8777079582214355,0.07026935806709596,0.08256116775922816,0.07996636237949134
54,0.00013500000000000003,2.236088229715824,0.3199833135205236,0.08043762778609313,0.06098319963467392,0.09402300126596608,0.07255528302524578,0.07923511490225792,0.06253271574775378,0.07088391520082951,0.08917564327518145,0.07125942508379618,19.553097156502982,25.676211803609675,0,246.91186935700534,58.011853044699606,4.877711772918701,0.07071041371038353,0.08328914214560593,0.08021753417948882
55,0.00013000000000000002,2.2209570809521457,0.31696987291797996,0.07925198258916763,0.05991375221532177,0.09192237380087714,0.07216124913062562,0.07913958467543125,0.062348972012599306,0.07074427877863249,0.08868272478381793,0.07034063140551249,20.089192723415113,26.506656924702906,0,249.2926385699975,57.50366956684075,4.878173351287842,0.0695828674022447,0.08204181146575137,0.07951167809466521
56,0.000125,2.2321276215667076,0.30983904005790297,0.07928600403988226,0.05991986440917985,0.09093521550636399,0.07101494404275648,0.07896930066247781,0.06274763941764831,0.07085847059885661,0.08751166984438896,0.06940248707930247,20.65086141147397,26.728186241605066,0,249.16981945298903,57.460856709546924,4.872561931610107,0.06960293422453105,0.08097507977456023,0.07845707846184571
57,0.00012,2.237203550067815,0.3084966854276982,0.0780703695575622,0.06025528895076026,0.08934875001538206,0.07087285617493431,0.0792113204797109,0.06242142468690872,0.07081637295583884,0.08782049156725406,0.06807693938414255,20.835276963494042,27.310342009501024,0,248.86137231299654,57.53866166194428,4.879634380340576,0.06916282925416123,0.0801108030951582,0.07794871547569832
58,0.00011499999999999999,2.3035277280617845,0.2949501487934454,0.07875394997483288,0.06155523672191934,0.09489412583961067,0.07044593642719767,0.07999169826507568,0.06394113476077716,0.0719664161403974,0.09070703461766243,0.06837401886781057,22.708977250348436,28.54888764403083,0,250.83046703199216,57.10335031222506,4.885009288787842,0.07015459334837612,0.08267003113340417,0.0795405267427365
59,0.00011000000000000002,2.2809009886600755,0.2937466333196922,0.07884629956150258,0.06067859233907339,0.09384227937976407,0.06963947045786137,0.08079178792734941,0.06361237516005834,0.07220208172996839,0.09237023666501046,0.06977652857700983,21.669805520231073,27.54298986630006,0,228.5299512349884,62.706654284173375,4.8771891593933105,0.06976244595028798,0.08174087491881271,0.08107338262101015
60,0.000105,2.2849961283532054,0.2866914664395154,0.07723629946016114,0.05957223983820189,0.09139574588149448,0.06823954105546529,0.07974786957105001,0.06322092860937119,0.07148439958691596,0.09025919958949088,0.06920382132132848,22.262775284593754,27.664288557659496,0,229.30783838199568,62.57223482471779,4.8774638175964355,0.06840426964918152,0.07981764346847989,0.07973151045540969
61,0.0001,2.2596145857464185,0.28864656260067767,0.0765191475289281,0.058616404254412786,0.08852119647516785,0.06682066418950192,0.07968017409245173,0.06299790665507317,0.07133904024958611,0.08798372795184453,0.06761947696407636,22.738179463148118,28.835238962823695,0,233.50100843100518,61.43155020850019,4.878188610076904,0.06756777589167044,0.07767093033233488,0.07780160245796044
62,9.5e-05,2.286267774348909,0.2813081104731695,0.07558301473036408,0.0588642803253606,0.08746327571994202,0.06569007655013014,0.07926258506874244,0.06264634430408478,0.07095446524520715,0.08658361832300822,0.06806936785578728,23.191495362195102,28.958363129875877,0,256.6633778940013,55.87970897599838,4.8796916007995605,0.06722364752786233,0.07657667613503608,0.07732649308939775
63,8.999999999999999e-05,2.2822464504702524,0.28011602683585474,0.07507328361018815,0.058979687422767955,0.08711346659851683,0.06479272288270295,0.07935137761135896,0.06345848714311918,0.07140493243932725,0.08601576189200083,0.06738961810866992,23.584849707917733,29.44945703473958,0,257.00662265699066,55.73489202345361,4.879497051239014,0.06702648551647805,0.07595309474060989,0.07670269000033537
64,8.500000000000002e-05,2.2484290600500323,0.279380166081881,0.07393381654877554,0.05792889902791516,0.08470173818059265,0.06400883601851423,0.07892351200183233,0.06259753530224164,0.07076052377621332,0.08553360737860202,0.06603268211086591,22.612808522852983,29.66698873910037,0,257.6178584349982,55.5268017161255,4.875289440155029,0.06593135778834536,0.07435528709955344,0.07578314474473397
65,8e-05,2.244467132944952,0.2781828561882404,0.07285008955196562,0.05763461674055593,0.08415206389459358,0.06375010288532146,0.07875795004268488,0.06230175246795019,0.07052985119322935,0.08542021947602431,0.06626665194829305,23.248759663646872,30.02225366993384,0,259.72077843100124,55.18418383484787,4.876227855682373,0.06524235314626077,0.07395108338995751,0.07584343571215868
66,7.500000000000001e-05,2.248470845479857,0.2739789888347414,0.07219995543445376,0.057030856969173656,0.08326234465930611,0.06230401582169262,0.07850478204588095,0.06211803158124288,0.07031140675147375,0.08516062709192435,0.06562753394246101,24.111341842738064,30.641716010462154,0,262.4646144159924,55.11848234458939,4.877440929412842,0.0646154062018137,0.07278318024049937,0.07539408051719268
67,7e-05,2.2519011987881226,0.27544363975016906,0.07204302301715043,0.057394594989124345,0.08310446274382147,0.061879233484664425,0.07864081040024758,0.06299527982870738,0.07081804499030113,0.08517932668328285,0.06466532995303471,24.26094198443673,31.239117487452248,0,265.2075662910065,54.08020131531465,4.881087779998779,0.0647188090031374,0.07249184811424295,0.07492232831815879
68,6.5e-05,2.2325465786863457,0.2751665333793922,0.07097320612731643,0.05666669845496389,0.08103845944966782,0.060899132424542174,0.07826703178385894,0.06304501468936602,0.07065602416793505,0.08387778264780839,0.0649179237584273,24.631156288493763,32.16089151176539,0,264.5689765119896,54.25896104516028,4.878310680389404,0.06381995229114015,0.070968795937105,0.07439785320311784
69,6.0000000000000015e-05,2.2390718059106307,0.2713336618024517,0.07019987573677844,0.05706630820535462,0.08066580955531787,0.06033159491013397,0.07854560588796934,0.06314160451292991,0.07084360544880232,0.08340325939158598,0.06431396553913753,26.39345358393409,32.85925875631246,0,263.77110034399084,54.207081054994234,4.883307933807373,0.06363309197106654,0.07049870223272592,0.07385861246536175
70,5.500000000000001e-05,2.235667228766463,0.26978189727630125,0.0698756565276364,0.056490146275609734,0.07997381267434156,0.05930276241534474,0.07886918224394321,0.06340293635924657,0.07113605961203576,0.08363278210163116,0.06475892240802447,27.037013305859134,33.6658876478672,0,264.56468657199,54.106650163007615,4.8781514167785645,0.06318290140162307,0.06963828754484315,0.07419585225482782
71,5e-05,2.23177474913272,0.2663489765233614,0.06903287760320712,0.05651853125838732,0.07943166609938172,0.05911286996931515,0.07870979669193427,0.06330851788322131,0.07100915759801865,0.08337390969196955,0.0649633102118969,26.931304892084814,33.87818472439592,0,262.3951944319997,54.47027081477638,4.8845133781433105,0.06277570443079722,0.06927226803434844,0.07416860995193322
72,4.4999999999999996e-05,2.2323410467668015,0.2651883069425821,0.06842261912428181,0.056489685844545334,0.07849002426955849,0.05817858413581482,0.07868716033796469,0.06386908640464146,0.07127812330921492,0.08375553463896115,0.06404191156228384,28.115515018051322,35.24537697813728,0,263.9603628860059,54.169130035000194,4.877665996551514,0.06245615248441357,0.06833430420268666,0.0738987231006225
73,3.999999999999999e-05,2.2399819649755957,0.2625445344062014,0.06775177441198718,0.056423166186802765,0.07760132456156002,0.05784890168261799,0.07885534030695757,0.0637540303170681,0.07130468500157197,0.08334811391929785,0.06395084435741107,28.7563174421137,35.184682580557734,0,264.7316383290017,54.04969360499358,4.877845287322998,0.06208747029939497,0.06772511312208901,0.07364947913835446
74,3.500000000000001e-05,2.242358460548249,0.2586814318868247,0.0673879111841829,0.056410982591015374,0.07720416705335745,0.05721333886031062,0.07905902912219366,0.06378442049026489,0.0714217243095239,0.08315133539338906,0.06413473015030226,29.70193118615584,36.876705352826555,0,266.14989231099025,53.75724546547079,4.879638195037842,0.06189944688759914,0.06720875295683404,0.07364303277184567
75,3.0000000000000008e-05,2.233170332420956,0.2582189130512151,0.06686869054524736,0.05588770862668753,0.07658557251561433,0.056274431338533756,0.07881008684635163,0.0639204889535904,0.0713652881483237,0.08325475702683131,0.06385844945907593,28.41753306768157,37.085760815577075,0,266.6155510679964,53.69778370670671,4.873123645782471,0.06137819958596744,0.06643000192707404,0.07355660324295363
76,2.5e-05,2.2446143096820874,0.25313187512484464,0.06622666496444832,0.0559780599761077,0.07671552061060952,0.05624215294479985,0.07859291930993398,0.06452297195792198,0.07155794575810433,0.08306155030926068,0.06413542628288268,30.03840851512822,38.68719888492064,0,267.5840364009928,53.4464299802882,4.878506183624268,0.061102362470278004,0.06647883677770469,0.07359848829607168
77,1.9999999999999995e-05,2.2346194395964796,0.25278994499451735,0.06570806898473,0.05549336114728993,0.07610603487119079,0.05525156659158793,0.07906879186630249,0.0648598849773407,0.07196433867017428,0.0831971898674965,0.06404583727320036,29.871546919779345,39.8167628987269,0,268.90552305099845,53.175347913357776,4.88136625289917,0.06060071506600996,0.06567880073138936,0.07362151357034843
78,1.4999999999999992e-05,2.237446145036004,0.24932440255175936,0.06539588029792702,0.0556677806021815,0.07575894936241886,0.055094104531136424,0.0790049284696579,0.064946565280358,0.07197574724753698,0.08270082970460256,0.06408262824018797,32.170022023266014,40.31692268848419,0,268.16516339199734,53.30120990959086,4.876305103302002,0.06053183045005426,0.06542652694677764,0.07339172897239526
79,1.000000000000001e-05,2.226616278561679,0.24796376268125392,0.06485612801360813,0.05570509028409354,0.07526088885285638,0.0547900642183694,0.07909665728608767,0.06528731063008308,0.07219198346138,0.08256440088152886,0.06418844734628995,33.19938172643835,41.46112571575425,0,268.38342590899265,53.27941793245952,4.875809192657471,0.06028060914885083,0.06502547653561289,0.0733764241139094
80,5.000000000000005e-06,2.230821463262493,0.24457674989138137,0.0643073232251812,0.05559914042030207,0.0748367953135378,0.05438720576719127,0.07918789610266685,0.06547030930717786,0.07232910270492236,0.08267872147262097,0.06416313151518503,34.329883593320844,42.73267465017059,0,271.0532792570011,52.90712426361949,4.886551380157471,0.059953231822741634,0.06461200054036453,0.073420926493903
