metric,value,split,checkpoint
train_ce,0.4850,train,checkpoints/gpt_best_model-v8.pth
val_ce,0.5242,val,checkpoints/gpt_best_model-v8.pth
perplexity,1.6891,val,checkpoints/gpt_best_model-v8.pth
bits_per_character,0.7563,val,checkpoints/gpt_best_model-v8.pth
generalization_gap,0.0392,val-train,checkpoints/gpt_best_model-v8.pth
top1_accuracy,0.831884,val,checkpoints/gpt_best_model-v8.pth
distinct_1,0.0115,gen,checkpoints/gpt_best_model-v8.pth
distinct_2,0.0897,gen,checkpoints/gpt_best_model-v8.pth
distinct_3,0.2548,gen,checkpoints/gpt_best_model-v8.pth
repeated_4gram_rate,0.5865,gen,checkpoints/gpt_best_model-v8.pth
param_count,25506968,model,checkpoints/gpt_best_model-v8.pth
train_tokens_per_sec,287496.25,train,checkpoints/gpt_best_model-v8.pth
gen_tokens_per_sec,215.92,gen,checkpoints/gpt_best_model-v8.pth
peak_memory_mb,12244.10,train,checkpoints/gpt_best_model-v8.pth
training_time_sec,9362.95,train,checkpoints/gpt_best_model-v8.pth
avg_grad_norm,0.3377,train,checkpoints/gpt_best_model-v8.pth
max_grad_norm,4.5985,train,checkpoints/gpt_best_model-v8.pth
