model,metric,value,checkpoint
baseline_gru,model_name,baseline_gru,checkpoints/baseline_gru/
baseline_gru,accuracy,0.9517368421052631,checkpoints/baseline_gru/
baseline_gru,macro_f1,0.951734948805014,checkpoints/baseline_gru/
baseline_gru,roc_auc,0.9904555415512467,checkpoints/baseline_gru/
baseline_gru,pr_auc,0.9907274901596027,checkpoints/baseline_gru/
baseline_gru,mcc,0.9035445739427482,checkpoints/baseline_gru/
baseline_gru,brier_score,0.03616908013571883,checkpoints/baseline_gru/
baseline_gru,ece,0.012111069869691226,checkpoints/baseline_gru/
baseline_gru,test_loss,0.12704770771139545,checkpoints/baseline_gru/
baseline_gru,parameter_count,5219201,checkpoints/baseline_gru/
baseline_gru,best_epoch,5,checkpoints/baseline_gru/
baseline_gru,training_time_seconds,271.4012278120017,checkpoints/baseline_gru/
baseline_gru,training_examples_per_second,11699.922735545335,checkpoints/baseline_gru/
baseline_gru,training_peak_memory_gb,0.18212080001831055,checkpoints/baseline_gru/
baseline_gru,inference_time_seconds,,checkpoints/baseline_gru/
baseline_gru,inference_examples_per_second,21242.145919873205,checkpoints/baseline_gru/
baseline_gru,inference_peak_memory_gb,,checkpoints/baseline_gru/
baseline_gru,accuracy_change_vs_gru,0.0,checkpoints/baseline_gru/
baseline_gru,macro_f1_change_vs_gru,0.0,checkpoints/baseline_gru/
baseline_gru,training_time_ratio_vs_gru,1.0,checkpoints/baseline_gru/
baseline_gru,inference_speed_ratio_vs_gru,1.0,checkpoints/baseline_gru/
baseline_gru,accuracy_ci_lower,0.9496315789473684,checkpoints/baseline_gru/
baseline_gru,accuracy_ci_upper,0.9538684210526316,checkpoints/baseline_gru/
baseline_gru,macro_f1_ci_lower,0.9496310785084201,checkpoints/baseline_gru/
baseline_gru,macro_f1_ci_upper,0.9538661255387575,checkpoints/baseline_gru/
bidirectional_lstm,model_name,bidirectional_lstm,checkpoints/bidirectional_lstm/
bidirectional_lstm,accuracy,0.9533157894736842,checkpoints/bidirectional_lstm/
bidirectional_lstm,macro_f1,0.9533157738260627,checkpoints/bidirectional_lstm/
bidirectional_lstm,roc_auc,0.9896445235457064,checkpoints/bidirectional_lstm/
bidirectional_lstm,pr_auc,0.9896971884200586,checkpoints/bidirectional_lstm/
bidirectional_lstm,mcc,0.9066321867176254,checkpoints/bidirectional_lstm/
bidirectional_lstm,brier_score,0.03697058634667769,checkpoints/bidirectional_lstm/
bidirectional_lstm,ece,0.01949476106263892,checkpoints/bidirectional_lstm/
bidirectional_lstm,test_loss,0.14013390434729425,checkpoints/bidirectional_lstm/
bidirectional_lstm,parameter_count,5384449,checkpoints/bidirectional_lstm/
bidirectional_lstm,best_epoch,6,checkpoints/bidirectional_lstm/
bidirectional_lstm,training_time_seconds,406.5371265960039,checkpoints/bidirectional_lstm/
bidirectional_lstm,training_examples_per_second,7684.7417162103775,checkpoints/bidirectional_lstm/
bidirectional_lstm,training_peak_memory_gb,0.281496524810791,checkpoints/bidirectional_lstm/
bidirectional_lstm,inference_time_seconds,1.5811284239989618,checkpoints/bidirectional_lstm/
bidirectional_lstm,inference_examples_per_second,24033.468390816146,checkpoints/bidirectional_lstm/
bidirectional_lstm,inference_peak_memory_gb,0.328397274017334,checkpoints/bidirectional_lstm/
bidirectional_lstm,accuracy_change_vs_gru,0.0015789473684211242,checkpoints/bidirectional_lstm/
bidirectional_lstm,macro_f1_change_vs_gru,0.0015808250210487262,checkpoints/bidirectional_lstm/
bidirectional_lstm,training_time_ratio_vs_gru,1.497919260990264,checkpoints/bidirectional_lstm/
bidirectional_lstm,inference_speed_ratio_vs_gru,1.1314049193274538,checkpoints/bidirectional_lstm/
bidirectional_lstm,accuracy_ci_lower,0.9511578947368421,checkpoints/bidirectional_lstm/
bidirectional_lstm,accuracy_ci_upper,0.9555269736842105,checkpoints/bidirectional_lstm/
bidirectional_lstm,macro_f1_ci_lower,0.9511575813031328,checkpoints/bidirectional_lstm/
bidirectional_lstm,macro_f1_ci_upper,0.955526323475291,checkpoints/bidirectional_lstm/
attention_lstm,model_name,attention_lstm,checkpoints/attention_lstm/
attention_lstm,accuracy,0.9505526315789473,checkpoints/attention_lstm/
attention_lstm,macro_f1,0.9505526312707574,checkpoints/attention_lstm/
attention_lstm,roc_auc,0.9894704626038782,checkpoints/attention_lstm/
attention_lstm,pr_auc,0.989717615325075,checkpoints/attention_lstm/
attention_lstm,mcc,0.9011052743905089,checkpoints/attention_lstm/
attention_lstm,brier_score,0.03801657881323142,checkpoints/attention_lstm/
attention_lstm,ece,0.016956412567904144,checkpoints/attention_lstm/
attention_lstm,test_loss,0.1375933509280807,checkpoints/attention_lstm/
attention_lstm,parameter_count,5252354,checkpoints/attention_lstm/
attention_lstm,best_epoch,5,checkpoints/attention_lstm/
attention_lstm,training_time_seconds,466.9208878440022,checkpoints/attention_lstm/
attention_lstm,training_examples_per_second,6664.600566513367,checkpoints/attention_lstm/
attention_lstm,training_peak_memory_gb,0.2713947296142578,checkpoints/attention_lstm/
attention_lstm,inference_time_seconds,1.736319073001141,checkpoints/attention_lstm/
attention_lstm,inference_examples_per_second,21885.378436993662,checkpoints/attention_lstm/
attention_lstm,inference_peak_memory_gb,0.3036384582519531,checkpoints/attention_lstm/
attention_lstm,accuracy_change_vs_gru,-0.0011842105263157876,checkpoints/attention_lstm/
attention_lstm,macro_f1_change_vs_gru,-0.0011823175342565717,checkpoints/attention_lstm/
attention_lstm,training_time_ratio_vs_gru,1.7204081632505952,checkpoints/attention_lstm/
attention_lstm,inference_speed_ratio_vs_gru,1.0302809574676106,checkpoints/attention_lstm/
attention_lstm,accuracy_ci_lower,0.9482368421052632,checkpoints/attention_lstm/
attention_lstm,accuracy_ci_upper,0.9526315789473684,checkpoints/attention_lstm/
attention_lstm,macro_f1_ci_lower,0.9482354501694231,checkpoints/attention_lstm/
attention_lstm,macro_f1_ci_upper,0.9526307120596796,checkpoints/attention_lstm/
