model_name,slice_group,slice_name,number_of_examples,accuracy,macro_f1,error_rate
baseline_gru,review_length,short_1_to_32,12977,0.9525314017107189,0.9511201702056635,0.04746859828928107
baseline_gru,review_length,medium_33_to_128,20826,0.9519350811485643,0.951838419925479,0.04806491885143571
baseline_gru,review_length,long_129_to_256,4197,0.9482964021920419,0.9449553910020958,0.05170359780795808
baseline_gru,negation,contains_negation,27917,0.9507110362861338,0.9491555007761591,0.04928896371386615
baseline_gru,negation,no_negation,10083,0.9545770108102747,0.9387874284976238,0.045422989189725316
baseline_gru,truncation,truncated,580,0.9293103448275862,0.9157069380492076,0.07068965517241377
baseline_gru,truncation,not_truncated,37420,0.9520844468198825,0.9520768544114203,0.04791555318011753
bidirectional_lstm,review_length,short_1_to_32,12977,0.9523002234722971,0.9509436301374026,0.04769977652770285
bidirectional_lstm,review_length,medium_33_to_128,20826,0.954479976951887,0.9543594993742808,0.04552002304811298
bidirectional_lstm,review_length,long_129_to_256,4197,0.9506790564689064,0.9472778785727034,0.04932094353109362
bidirectional_lstm,negation,contains_negation,27917,0.9527528029516066,0.9511373944841239,0.04724719704839342
bidirectional_lstm,negation,no_negation,10083,0.9548745413071507,0.9393772517076954,0.04512545869284934
bidirectional_lstm,truncation,truncated,580,0.9362068965517242,0.9231592779979877,0.06379310344827582
bidirectional_lstm,truncation,not_truncated,37420,0.9535809727418493,0.953578714395166,0.046419027258150725
attention_lstm,review_length,short_1_to_32,12977,0.9495260846112352,0.9480520065484552,0.05047391538876478
attention_lstm,review_length,medium_33_to_128,20826,0.9518390473446653,0.9517094209104219,0.04816095265533471
attention_lstm,review_length,long_129_to_256,4197,0.9473433404812962,0.9434290439133513,0.0526566595187038
attention_lstm,negation,contains_negation,27917,0.9498155245907511,0.9480617049629088,0.05018447540924886
attention_lstm,negation,no_negation,10083,0.9525934741644352,0.936010021349138,0.04740652583556482
attention_lstm,truncation,truncated,580,0.9293103448275862,0.914260269478026,0.07068965517241377
attention_lstm,truncation,not_truncated,37420,0.9508818813468733,0.9508797584781359,0.04911811865312665
