review_category,row_id,label,model_prediction,probability_positive,prediction_confidence,original_clean_length,sequence_length,was_truncated,clean_text,error_type,observation,proposed_testable_fix
confident_false_positive,22663,0,1,0.99965405,0.99965405,93,93,False,average far steakhouses rib eye very tasty but little cooked did not complain flavor fantastic thought process quite order better sell say more content want great high end steak recommend ruth chris lg flemings morton want money make rain jean georges place offered pork chop 99 special cut steak 199 prices personally fly country serve best steak not born silver spoon mouth good financial values probably friends named justin b diddy snoop second car just happens bentley fit right service good ambiance great food fantastic service line oh damn bring platinum black card,,,
confident_false_positive,29330,0,1,0.99960643,0.99960643,19,19,False,wow love place very clean new great place come relax worth try cheers eric van nguyen visited april 2012,,,
confident_false_positive,29525,0,1,0.9995609,0.9995609,30,30,False,tried love chocolate chip cookie milk satisfied took date lunch door went vietnamese iced coffee ice cream red velvet cookie sandwich cookie too hard not enjoyable but ice cream delicious,,,
confident_false_positive,34068,0,1,0.99945146,0.99945146,91,91,False,really experience based reviews food ordered pork bao buns onion rings farm burger euro burger minus cheese buns onion rings somewhat bland pork belly bao buns charred tough ordered burgers medium sent came rare prepared second time husband very charred cheese sent second time burger outstanding flavor profile tasted char grilled black outsides burgers service manager outstanding very professional comped drinks make mishap burgers waitress male staff member assisted extremely friendly apologetic 5 stars service 1 star food 2 overall want great burger moist flavorful try guy fieri new place quad,,,
confident_false_positive,4488,0,1,0.9993513,0.9993513,57,57,False,good rolls better sashimi time really nice surprising maguro hamachi jalape u00f1o roll sashimi not wrong say rolls better sashimi enjoyable good atmosphere girl likes martinis little tokyo mt lebanon kiku station square better nakama good enjoyable sushi more importantly atmosphere watch pens game eat roll not say lot sushi restaurants 4 5 10 relative sushi quality,,,
confident_false_negative,23763,1,0,0.0005193049,0.9994807,112,112,False,wonderful market extensive variety products rated market 4 but rate customer service 1 market numerous times time try purchase fish employees ignore not waited new years eve went 9am opened 9am fish market not ready younger older man putting fish ice period time older man asked minded waiting 5 minutes said no waited waited younger man went middle counter started waiting people waiting fish waited waited older man continued ice fish 20 minutes younger man came asked gentlemen just walked counter help finally intervened said waiting service opened apologized man younger man finally waited people working meat fish counter definitely need training customer service suggest numbering customers does not continue happen customers,,,
confident_false_negative,27334,1,0,0.00064620323,0.9993538,88,88,False,note owners cupcrazed staff overriding brilliance product company great brag place does employees dis interested completely unmotivated having arrived hours closing similar reports chairs upside tables sending clear message closing not come fast employees no ambiance no music giving stars product but customer service atmosphere completely lacking establishment potential shame credentials establishments dream winning food network cupcake wars http clclt com theclog archives 2011 09 12 cupcrazed cakery fort sc wins food networks cupcake wars place thrive going win loyalty treat customers better provide experience matches notoriety product,,,
confident_false_negative,22807,1,0,0.00078547397,0.99921453,48,48,False,edit really did change service posted horrible service used favorite pizza city reasonable price but rethinking just altercation server refused split check paying cash proceeded disrespect party table telling not attitude sorry bella notte but not children not care working hard does not excuse disrespect paying customers like,,,
confident_false_negative,22451,1,0,0.0008559006,0.9991441,108,108,False,food crap not trying mean but really horrible eat tornado things circle k dinner not appreciate waitress telling great absolutely not great kind disgusting excuse food live nachos stamp approval probably worst nachos taco bell nachos like manna heaven compared sad mess barney serves just honest told order fries la carte thing friend enjoyed ended just going place lying floor stomachs upset drink barney eat stick fries pizza safe bet too not order nachos onion rings grilled chicken wrap hell just thursday drink tastes good problem solved obviously thursday night gets star rating not help never too old barney thursday nights probably eventually but not today not today,,,
confident_false_negative,9477,1,0,0.0010242064,0.9989758,278,256,True,getting started like point currently sitting palms casino watching degenerate gambleholic asshole friend pete grab ankles craps table continues sodomize life savings palms casino priest roll dice man pete looking more more like alter boy alter boy ugly hat look hat noticed consistent theme hat soon joined pockets prevent world seeing lies beneath missing not pretty nor smart just seven strands hair pete face incapable pulling 7 strand comb money combined freedom offered vegas dive head hooker pete hope hump not wrong p never planned returning phoenix money fine meant not bringing virginity unless count molested casino let start began writing review writing palms place resort using 6am casino story explain exhaustion use warning transitioning review actual suite continued ramble realized gems review let jump dick pockets dry p refused walk away action but unlike hair boredom started grow soon left balls deep conversation random israeli gentleman started conversation asking gamble way said nope never not convinced interested spending 30 minutes listening break formula 80 winning percentage roulette like roulette conversations followed literally dozens questions foreign policy soccer pumped luckily saved irony midway optimistic response problem america public education interrupted quite possibly drunkest bitch seen clearly lacking intelligence functioning metabolism not deny originality instead corny cliche pickup line barefoot bitch thought outside box just spilled drink luckily 7am course double fisting enabling shirt shit faced say word stood shook man hand announced think shirt too drink needed sober think confused sense not think knew carrying drinks let spilling like think stuck finished answering new israeli friend question education eventually led sitting trapper keeper know saying but knows love blind walked yards table just time buddy p broke perfect,,,
near_threshold_error,37072,0,1,0.5001383,0.5001383,112,112,False,wanted like restaurant went opening weekend times tough place drive thats fast not gross wanted like but positive negative pros delicious bread flavorful fresh lovely makes good foundation sandwich very clean not skimp avocado makes happy avocado tasty good iced tea too cons asked people soups vegetarian friendly reassured 4 separate people 2 bites queasy stomach cramp later learned not brought attention manager told soups vegetarian given half heart felt sorry ask refund soup not eat did not occur best course action menu limited flexibility attempts customize meet veggie needs successful half time bring food lot remade meat sandwich salad value versus pay not best but im sure great place just not,,,
near_threshold_error,17235,0,1,0.50030875,0.50030875,55,55,False,not excellent salmon entree sushi star review entered wife thoughts leaving cheap clashing decor too bad did not leave told waiter time expecting roll red carpet said specials marked menu thanks disappeared rest night leaving flag staff refills competitive restaurant market amazed place stays afloat food excellent not mind inhospitable staff tacky diner type atmosphere,,,
near_threshold_error,2971,0,1,0.5003717,0.5003717,10,10,False,general tsos chicken literally little chicken huge puff batter surrounding,,,
near_threshold_error,4769,0,1,0.50117207,0.50117207,97,97,False,story goes 1999 thereabouts guys new york wanted slice pizza not stopped old gas station central avenue plaza midwood area created hand crafted slice real mozzarella rich tomato sauce fresh ingredients seven years later opened locations including spot south boulevard selling pizza slice pies but pizza buy slice major draw sure slice pepperoni but let face bother pepperoni fuel pizza different fuel extreme basically meat lover dream barbecue chicken pizza good aforementioned fresh ingredients but probably argue representative new york style pizza not say bad pizza quite decent but better pizza city better new york style look,,,
near_threshold_error,23218,0,1,0.5012684,0.5012684,25,25,False,vacationing vegas weekend station not stream chicago radio blows just really good alternative playlist update 11 20 11 changed format no longer stream chicago yuck,,,
truncated_review_failure,20061,1,0,0.0021997981,0.99780023,276,256,True,wonder lots extra garbage recyclables not fit bins missed bulk trash pickup day alternatively looking just little bit different lazy summer day ok ok kidding aside did yesterday more broken boxes odd shaped trash old floor lamps fit bins waste facility allows phoenix residents dump bulk trash recyclables free month facility drive 27th avenue buckeye aka no man land drive likely long line commercial vehicles waiting daily weekly dump bypass line r sign says like visitors say mean did stopped able according city website supposed driver license recent water let but no stopped asked proof drove facility following signs directed visitors drop area finally arrived massive pile garbage literally tons guys pick trucks dumping yard clippings ordinary people like just wanted garage less cluttered warning wise place stinks filled garbage ground wet bit slippery wore flip flops dumb want wear long sleeved shirt old crappy tennis shoes not crap dumping trash looked recycling drop random employee sitting umbrella told bins just dump massive pile cardboard boxes trash pile real ringing endorsement city sponsored recycling huh told did not want just trash recyclable material suggested going employee trailers dumping recycling bin did admit coming way city facility dedicated proper recycling felt bit odd dumping boxes tiny bin not bigger bin home felt gone public swimming pool size inflatable wondered boxes recycled fortunately guy city truck showed end unloading gave thumbs waited unload bin materials recyclables die reborn new environmentally friendly objects trip facility adventure sure addition spite educational benefits seeing inner workings city solid waste operations entertainment value unfamiliar sights sounds smells got rid massive piles trash boxes left early home improvement projects fell swoop not beat,,,
truncated_review_failure,17407,0,1,0.996597,0.996597,351,256,True,second time dining company unfortunately probably maybe not fair explain dined company june party seated waiter looked very attentively support servers clad black pants collared shirts aprons felt little dressed menu upscale comfort food friend katie gave delicious lobster blt friend colton gave spoonfuls deliciously creamy mashed potatoes best creamed spinach special night jambalaya fantastic not finish overall great experience vowed return thanksgiving weekend friend staying luxor criss angel believe review quickly reservations company not wait place knew wore jacket nice shoes time too restaurant looked exactly did june waiters clad black t shirts word company silkscreened very friendly waiter asked dined proudly told yes june said oh concept change concept change uh boy continued rotely memorized patter concept classic western dishes combine eastern ingredients deliver small tasting plates great variety heart stomach sank like east west tapas menu right said glad said very good way describing checked friend not deal breaker soldiered menu divided sections sea sky land earth ordered item category sea seared tuna w lemon olive oil wasabi greens little dish barely remember lumb crab gratin w shitake mushroom bacon leek cotija cheese really good like portion served cast iron gratin dish used serve creamed spinach creamed spinach sky organic duck confit potstickers okay never understood hide duck confit potsticker going dip sauce chicken breast w mushroom ragout eleanor rigby menu land soho kobe beef slider very good but current prevalence gastropub menus did not make feel like terribly special filet beef w brandy cream melted leek good not really sure melted leek ate earth gruyere cheese puffs w chive creme fraiche lobster oil dry dish remained longest table fighting chili garlic asparagus really good strands baby asparagus glad came steak too overall good food finishing entrees waiter asked hungry answered qualified yes offered bring menu but thinking more walking street dan marino steakhouse hooters fine dining capped meal dessert earl grey chocolate cake almond ice cream soooooo tiny guess company but bring certain group people concept change radically changed concept dining good place foodies knock bunch plates bad place not eaten chick fil hours away upland california,,,
truncated_review_failure,32890,0,1,0.98571813,0.98571813,263,256,True,ok got inside skinny place gonna shoot straight decided edit review place does not deserve blah blah given corner 6th tempe park free 5th farmer railroad tracks ave metered parking waiting w o b open ages finally stopped stiff 12oz oskar blues old chub 8 abv check place tip think beer 8 59 ouch kiss ass place does wide selection good beers beer connoiseur expect locals but sure hell pay milking ave worth sure pandering university crowd half drafts university students faculty staff wednesdays public sheeple loyalty card happy hour sort discount definitely less half makes want student id graduated b sc 90 thank very ass kissed wants money ass kisser places think doing favor w o b sports bar good beer no food but understand partnered local places deliver place small fully expect packed university rookies school starts not looking forward hate zoos local beer snobs sure place lots great beers but atmosphere cow herdy loud advantage price breaks possible ready feel regretful crowded just walk good luck getting seat squeezing ordering royal pain goes too crowded yogi berra plan early happy hour split ant farm comes glad presence contributing beer consciousness growth craft beer industry showing people more beer fizzy yellow rat piss line not regular stop tap takeovers promo events but refuse pay price drink incredible beers less no not telling place handle crowd speed efficiency plenty seating friendly staff time talk incredible beers tap fridge house food pizzas die papago brewing south scottsdale mcdowell scottsdale rd plaza mandarin buffet fun getting annoyed w o b sheeple head papago real,,,
truncated_review_failure,10881,0,1,0.9820826,0.9820826,333,256,True,does not enjoy lazy sunday morning love spending time leisurely reading sunday news getting caught weeks worth cooking shows hours hunger finally sets time cheap easy sound more like lifestyle choice way eating cheap easy means dim sum lots fistful cash growing appetite head default dim sum house golden buddha located chinese cultural center golden buddha pushing carts weekend past years years destination steamy delights built quite following groups usually packing lobby advice lesser selection no waiting early want more selection not mind wait noon ranging price 2 35 6 50 golden buddha pretty offers mainstream selections dumplings chicken feet rice noodles most cart pushers not speak english but know most items pork shrimp minutes sat smiling server rolls cart begins pimping wares lifts steel lid steam basket mist dissipates reveal 3 white fluffy hidden treasures beneath know char siu bao steamed bbq pork buns pretty standard dim sum brunch pulling apart doughy pillows reveals sweet porky center add chile oil added depth probably most typical offering pork dumplings sui mai wonton wrapper filled ground pork black mushrooms meaty bites enjoyable earthiness left wanting ask basket cart come absolutely filled fried items love crispy crunch egg rolls gb version crisp inside filled oil tasted like nights fish single bite rest remained untouched seemingly fried oil salt pepper shrimp not super fishy but shells left shell shrimp not usually problem shrimp question cooked really not case ruined hit table greasy salty lighter note wrapped translucent rice paper spring rolls large filled chewy rice noodles 3 plump shrimp unfortunately flavorless new zhaliang long tubular chinese doughnut tightly cocooned sheet rice noodle end result more texture bold flavor people seek breakfast chewy crispy time dim sum brunch not complete least chinese dessert pointing plate pineapple buns bo lo yau dessert cart pastries actually contain no pineapple instead refers crunchy checkered crust inside bun sweet surprise satisfyingly sweet custard filling left satisfied overall golden buddha does not quite chops used but pinch lazy sunday morning just fine,,,
truncated_review_failure,1256,0,1,0.9771538,0.9771538,344,256,True,era thought stepped restaurant mirrored ceilings velvet upholstered chairs cheetah print fabric like 80 movie scarface place pretty quiet atmosphere good maybe birthday graduation dinner came clients dinner weeknight phoenix 2 3 tables night not very busy menu good selection various italian dishes pastas seafood chicken veal pork starters shared calamari http www yelp com biz photos avanti phoenix select zzcrkebcrfxbb4fzyaksww krxhhm5bvpqptmxfpo2rja escargot bourhohne http www yelp com biz photos avanti phoenix select zzcrkebcrfxbb4fzyaksww lpayawezq9qk92 i6trfa calamari delicious batter light crisp squid pretty tender escargot cooked garlic butter brandy wine gave nice flavors little chewy but pretty tasted like clam shared bottle 2010 markham merlot napa valley nutty vanilla woodsy flavor ordered seafood paired nicely dishes http www yelp com biz photos avanti phoenix select zzcrkebcrfxbb4fzyaksww ofgn r7 hk5eezkx8w0h1g main dish went specials offered night squid ink ciopinno http www yelp com biz photos avanti phoenix select zzcrkebcrfxbb4fzyaksww rcrj3z o7iyiuiva6r5btg more like pasta ciopinno opinion love most ciopinno savory rich seafood broth did not broth more like tomato sauce dish did include generous seafood mussels shrimp scallop did not taste very fresh rubbery texture people table ordered dover sole special available night http www yelp com biz photos avanti phoenix select zzcrkebcrfxbb4fzyaksww 9eqoejuq1ayiw6ikw4h5dg fish fried server removes fillet head tail right served ordered dover sole dish available dinner menu http www yelp com biz photos avanti phoenix select zzcrkebcrfxbb4fzyaksww rfhgeb vykwnyjeiqv fda did not enjoy very taste murky mushy taste texture sauce very buttery prefer fried dover dessert okayyy ordered spumoni http www yelp com biz photos avanti phoenix select zzcrkebcrfxbb4fzyaksww rldb83kuqaeoou 6eitg8a looks like vanilla turd lol texture ice cream tasted like ice cream cups elementary school icee not creamy dirzzled hershey chocolate syrup disappointment sorbet lot better spumoni refreshing palate cleanser http www yelp com biz photos avanti phoenix select zzcrkebcrfxbb4fzyaksww 3go2ofhml zk2getmsyjjg tiramisu http www yelp com biz photos avanti phoenix select zzcrkebcrfxbb4fzyaksww powh0i8a7j4 ufbyf4fr average not great not bad opinion prices super steep especially most dishes orderded service wise welcomed entrance server very attentive but beginning meal took forever check,,,
