correctness_pattern,row_id,label,baseline_gru_prediction,bidirectional_lstm_prediction,attention_lstm_prediction,baseline_gru_probability,bidirectional_lstm_probability,attention_lstm_probability,original_clean_length,review_excerpt
all_wrong,36232,1,0,0,0,0.37239107,0.02769026,0.04232459,71,called 2 companies company came pricing fly model pushed purchasing new unit gave quote 1200 dollars said did not parts worse problems paid 79 dollar diagnostic called hour guy showed time parts price 400 less pricing preprinted defined gave 5 stars tech accidentally fried thermostat did not notice till later figured unit not shutting sent day right critical piece unexpected goes wrong does time time good company make right guys right
all_wrong,7366,1,0,0,0,0.2441827,0.07864238,0.036562506,56,ordered pizza carryout couple times moved not problems service food couple weeks ago friends visiting town wanted fast night eat hotel decided order online friend phone way watching mnf strip picking pizza friends use bathroom really really badly not open strip mall near closing did not manager nice let use employee bathroom not pee right lobby
all_wrong,21461,0,1,1,1,0.9374402,0.97057647,0.97800976,96,skinny pretty priced americanized chinese place average dish roughly 15 20 vietnamese coffee w boba comes large awesome super strong too soy milk w boba fruit watermelon prices 5 7 dishes come options beef pork soup rice noodles but did not come signature dishes typically true chinese restaurant pan fried noodles combination plates like chow fun white orange hand blown glasses really pretty decor cool too service ok food cooked fresh tell noodles chow fun hand say favorite oh salt pepper shrimp 
only_gru_correct,14409,1,1,0,0,0.8500957,0.07992553,0.092359796,97,awesome thai food favorite yellow curry eat times month agree service isnt best fastest but manage decent time recently ate lunch curry wasnt par pointed waitstaff offered bring new plate but cooked big pot didnt really make sense owner cook came told actually irritated question cooking friendly waitress offered new plate said owner hurt customer wasnt happy owned place food day want nice customer carefully point correct not argue course eat great meals just wish owners staff recognize tough eco
only_gru_correct,19831,0,0,1,1,0.47988454,0.8895288,0.7640124,41,got kidding want hot shoes discount prices marshalls shoe superstore ebay shoes cheap but expensive know mean guess barefoot need feet looking sparkly spiked hooker pumps broadway but really 4 stars maybe guy shoe section better not btw staff super nice
only_gru_correct,10099,0,0,1,1,0.07504072,0.5571226,0.5274534,155,friends stayed flamingo hotel fab deluxe double queen room good deal nights coming 250 2 queen beds friends stayed flamingo hotel recommended good deal pay skeptical flamingo compared hotels strip but decided try couples 250 steal reading website stated room newly remodeled friend telling bathrooms really nice tv inside arrived saw remodeled floor beds bathroom felt like staying motel turns talking deluxe coming la work too tired ask desk switch rooms decided stay fab deluxe double queen bed med
only_bilstm_correct,7038,0,1,0,1,0.6415346,0.33928013,0.80193585,6,feel church cares public appearance money
only_bilstm_correct,7870,0,1,0,1,0.83237296,0.27134824,0.5441353,29,review casino no win situation wynn slot machines money hungry man eaters way money machine asking 4 digit pin table games minimum set pretty high gambler bring cash flow
only_bilstm_correct,9014,1,0,1,0,0.20673385,0.51176995,0.038178273,8,great coffee vibe food terrible parking light rail
only_attention_correct,9567,0,1,1,0,0.5240293,0.92827886,0.025613915,126,like amend review wrote rooms stayed lvh wife daughter came los angeles halfway business trip family henderson area realized not expect wife child stay room went downstairs asked upgrade room answered upgraded room briefly died choking laughter asked upgraded suite extra 55 dollars night experience no fridge cheaper room emergency exit sign laminated sheet printer paper literally screwed wall appears shootout point history based location large carpet stains located door sliding window corner foo
only_attention_correct,8571,0,1,1,0,0.7320175,0.8933094,0.1799625,61,sure not best but works im craving hawaiian filipino food instead burgers sick eating chipotle location unlv not unlv day probably not come does not taste super fresh flavorful but gotta rice fix not exactly carry day home usually student special terriyaki chicken loco moco spam musubi chicken katsu kalua pork saimin prices right service friendly location eh unless unlv student
only_attention_correct,8640,1,0,0,1,0.3485343,0.05561761,0.9695556,103,used visit ichabods least week best salad bar town free entree price went 2 99 came best town jumped 3 99 noticed smaller portions higher menu prices stopped coming 6 month stopped night craving salad bar ordered hot turkey 8 99 partner chicken parm sandwich asked add salad bar told 6 99 add bar sandwich no salad bar salad bar 3 99 entree order special chicken parm delicious true winner turkey tiny scoop mash bread turkey pieces good portion def smaller say least think probably lost 3 customers 
